{
    "name": "root",
    "gauges": {
        "CubeAgent.Policy.Entropy.mean": {
            "value": 1.378669023513794,
            "min": 1.378669023513794,
            "max": 1.417567253112793,
            "count": 10
        },
        "CubeAgent.Policy.Entropy.sum": {
            "value": 2735.279296875,
            "min": 2735.279296875,
            "max": 2890.7470703125,
            "count": 10
        },
        "CubeAgent.Environment.EpisodeLength.mean": {
            "value": 1563.0,
            "min": 75.6,
            "max": 1563.0,
            "count": 5
        },
        "CubeAgent.Environment.EpisodeLength.sum": {
            "value": 1563.0,
            "min": 1407.0,
            "max": 3162.0,
            "count": 5
        },
        "CubeAgent.Step.mean": {
            "value": 19974.0,
            "min": 1980.0,
            "max": 19974.0,
            "count": 10
        },
        "CubeAgent.Step.sum": {
            "value": 19974.0,
            "min": 1980.0,
            "max": 19974.0,
            "count": 10
        },
        "CubeAgent.Policy.ExtrinsicValueEstimate.mean": {
            "value": -0.00036362322862260044,
            "min": -0.00036362322862260044,
            "max": 0.21956312656402588,
            "count": 10
        },
        "CubeAgent.Policy.ExtrinsicValueEstimate.sum": {
            "value": -0.01127232052385807,
            "min": -0.01127232052385807,
            "max": 7.697600841522217,
            "count": 10
        },
        "CubeAgent.Environment.CumulativeReward.mean": {
            "value": 0.0,
            "min": 0.0,
            "max": 0.9166666666666666,
            "count": 5
        },
        "CubeAgent.Environment.CumulativeReward.sum": {
            "value": 0.0,
            "min": 0.0,
            "max": 11.0,
            "count": 5
        },
        "CubeAgent.Policy.ExtrinsicReward.mean": {
            "value": 0.0,
            "min": 0.0,
            "max": 0.9166666666666666,
            "count": 5
        },
        "CubeAgent.Policy.ExtrinsicReward.sum": {
            "value": 0.0,
            "min": 0.0,
            "max": 11.0,
            "count": 5
        },
        "CubeAgent.Losses.PolicyLoss.mean": {
            "value": 0.24276168370320025,
            "min": 0.22462586336096543,
            "max": 0.24428035196356682,
            "count": 10
        },
        "CubeAgent.Losses.PolicyLoss.sum": {
            "value": 3.641425255548004,
            "min": 3.3693879504144815,
            "max": 3.9041373399939707,
            "count": 10
        },
        "CubeAgent.Losses.ValueLoss.mean": {
            "value": 3.892381334843528e-07,
            "min": 3.455597031853941e-07,
            "max": 0.029135338536292927,
            "count": 10
        },
        "CubeAgent.Losses.ValueLoss.sum": {
            "value": 5.838572002265292e-06,
            "min": 5.528955250966305e-06,
            "max": 0.4370300780443939,
            "count": 10
        },
        "CubeAgent.Policy.LearningRate.mean": {
            "value": 0.000242958019014,
            "min": 0.000242958019014,
            "max": 0.00029699240100253336,
            "count": 10
        },
        "CubeAgent.Policy.LearningRate.sum": {
            "value": 0.00364437028521,
            "min": 0.00364437028521,
            "max": 0.004655610048129999,
            "count": 10
        },
        "CubeAgent.Policy.Epsilon.mean": {
            "value": 0.18098599999999998,
            "min": 0.18098599999999998,
            "max": 0.19899746666666665,
            "count": 10
        },
        "CubeAgent.Policy.Epsilon.sum": {
            "value": 2.71479,
            "min": 2.71479,
            "max": 3.15187,
            "count": 10
        },
        "CubeAgent.Policy.Beta.mean": {
            "value": 0.0005000000000000002,
            "min": 0.0005,
            "max": 0.0005000000000000002,
            "count": 10
        },
        "CubeAgent.Policy.Beta.sum": {
            "value": 0.007500000000000003,
            "min": 0.007500000000000003,
            "max": 0.008,
            "count": 10
        },
        "CubeAgent.IsTraining.mean": {
            "value": 1.0,
            "min": 1.0,
            "max": 1.0,
            "count": 10
        },
        "CubeAgent.IsTraining.sum": {
            "value": 1.0,
            "min": 1.0,
            "max": 1.0,
            "count": 10
        }
    },
    "metadata": {
        "timer_format_version": "0.1.0",
        "start_time_seconds": "1668411994",
        "python_version": "3.8.13 (default, Mar 28 2022, 06:59:08) [MSC v.1916 64 bit (AMD64)]",
        "command_line_arguments": "D:\\Anaconda\\envs\\ML-2223\\Scripts\\mlagents-learn config\\Cube.yaml --run-id=camera01 --force",
        "mlagents_version": "0.28.0",
        "mlagents_envs_version": "0.28.0",
        "communication_protocol_version": "1.5.0",
        "pytorch_version": "1.7.1+cu110",
        "numpy_version": "1.23.2",
        "end_time_seconds": "1668412409"
    },
    "total": 414.7330643,
    "count": 1,
    "self": 0.014723000000003594,
    "children": {
        "run_training.setup": {
            "total": 0.12948760000000004,
            "count": 1,
            "self": 0.12948760000000004
        },
        "TrainerController.start_learning": {
            "total": 414.5888537,
            "count": 1,
            "self": 0.4068840999955796,
            "children": {
                "TrainerController._reset_env": {
                    "total": 17.7631996,
                    "count": 1,
                    "self": 17.7631996
                },
                "TrainerController.advance": {
                    "total": 395.55752130000445,
                    "count": 20074,
                    "self": 0.39897840000350016,
                    "children": {
                        "env_step": {
                            "total": 288.6356661000024,
                            "count": 20074,
                            "self": 231.80786200000367,
                            "children": {
                                "SubprocessEnvManager._take_step": {
                                    "total": 56.445677100000076,
                                    "count": 20074,
                                    "self": 1.2661456999985674,
                                    "children": {
                                        "TorchPolicy.evaluate": {
                                            "total": 55.17953140000151,
                                            "count": 20038,
                                            "self": 17.934458600003808,
                                            "children": {
                                                "TorchPolicy.sample_actions": {
                                                    "total": 37.2450727999977,
                                                    "count": 20038,
                                                    "self": 37.2450727999977
                                                }
                                            }
                                        }
                                    }
                                },
                                "workers": {
                                    "total": 0.3821269999986825,
                                    "count": 20074,
                                    "self": 0.0,
                                    "children": {
                                        "worker_root": {
                                            "total": 358.57590419999536,
                                            "count": 20074,
                                            "is_parallel": true,
                                            "self": 146.27823219999644,