{"count":1,"self":14.087993599999999,"total":14.9391386,"children":{"InitializeActuators":{"count":10,"self":0.0020011,"total":0.0020011,"children":null},"InitializeSensors":{"count":10,"self":0.0019979999999999998,"total":0.0019979999999999998,"children":null},"AgentSendState":{"count":710,"self":0.0241661,"total":0.132352,"children":{"CollectObservations":{"count":1420,"self":0.0849905,"total":0.0849905,"children":null},"WriteActionMask":{"count":1420,"self":0.0059979,"total":0.0059979,"children":null},"RequestDecision":{"count":1420,"self":0.017197499999999998,"total":0.017197499999999998,"children":null}}},"DecideAction":{"count":710,"self":0.640238,"total":0.640238,"children":null},"AgentAct":{"count":710,"self":0.073557299999999992,"total":0.073557299999999992,"children":null}},"gauges":{"Walker.CumulativeReward":{"count":44,"max":112.898529,"min":-0.8874124,"runningAverage":24.3208618,"value":13.1932907,"weightedAverage":25.5359421}},"metadata":{"timer_format_version":"0.1.0","start_time_seconds":"1666509997","unity_version":"2021.3.0f1","command_line_arguments":"D:\\Unity-Editor\\2021.3.0f1\\Editor\\Unity.exe -projectPath D:\\AP-lessen\\VR-Experience\\Examples\\agent","communication_protocol_version":"1.5.0","com.unity.ml-agents_version":"2.1.0-exp.1","scene_name":"Walker","end_time_seconds":"1666510012"}}