{
    "name": "root",
    "gauges": {
        "CubeAgent.Policy.Entropy.mean": {
            "value": 1.2750067710876465,
            "min": 1.2750067710876465,
            "max": 1.4197309017181396,
            "count": 16
        },
        "CubeAgent.Policy.Entropy.sum": {
            "value": 2551.28857421875,
            "min": 2551.28857421875,
            "max": 2888.771240234375,
            "count": 16
        },
        "CubeAgent.Environment.EpisodeLength.mean": {
            "value": 2.045662100456621,
            "min": 1.9368575624082232,
            "max": 33.827586206896555,
            "count": 16
        },
        "CubeAgent.Environment.EpisodeLength.sum": {
            "value": 1344.0,
            "min": 1319.0,
            "max": 1962.0,
            "count": 16
        },
        "CubeAgent.Step.mean": {
            "value": 31997.0,
            "min": 1964.0,
            "max": 31997.0,
            "count": 16
        },
        "CubeAgent.Step.sum": {
            "value": 31997.0,
            "min": 1964.0,
            "max": 31997.0,
            "count": 16
        },
        "CubeAgent.Policy.ExtrinsicValueEstimate.mean": {
            "value": 0.988799512386322,
            "min": 0.4727359712123871,
            "max": 0.9895956516265869,
            "count": 16
        },
        "CubeAgent.Policy.ExtrinsicValueEstimate.sum": {
            "value": 649.6412963867188,
            "min": 32.61878204345703,
            "max": 672.925048828125,
            "count": 16
        },
        "CubeAgent.Environment.CumulativeReward.mean": {
            "value": 1.0,
            "min": 0.6491228070175439,
            "max": 1.0,
            "count": 16
        },
        "CubeAgent.Environment.CumulativeReward.sum": {
            "value": 657.0,
            "min": 37.0,
            "max": 680.0,
            "count": 16
        },
        "CubeAgent.Policy.ExtrinsicReward.mean": {
            "value": 1.0,
            "min": 0.6491228070175439,
            "max": 1.0,
            "count": 16
        },
        "CubeAgent.Policy.ExtrinsicReward.sum": {
            "value": 657.0,
            "min": 37.0,
            "max": 680.0,
            "count": 16
        },
        "CubeAgent.Losses.PolicyLoss.mean": {
            "value": 0.23796017707646294,
            "min": 0.22923454554574468,
            "max": 0.25441343914697007,
            "count": 16
        },
        "CubeAgent.Losses.PolicyLoss.sum": {
            "value": 4.521243364452796,
            "min": 3.80227712099355,
            "max": 4.936196827764313,
            "count": 16
        },
        "CubeAgent.Losses.ValueLoss.mean": {
            "value": 7.847113960483593e-05,
            "min": 7.847113960483593e-05,
            "max": 0.053124303689606245,
            "count": 16
        },
        "CubeAgent.Losses.ValueLoss.sum": {
            "value": 0.0014909516524918825,
            "min": 0.0014909516524918825,
            "max": 0.8499888590336999,
            "count": 16
        },
        "CubeAgent.Policy.LearningRate.mean": {
            "value": 0.00020693955733594736,
            "min": 0.00020693955733594736,
            "max": 0.0002969113135295625,
            "count": 16
        },
        "CubeAgent.Policy.LearningRate.sum": {
            "value": 0.003931851589383,
            "min": 0.003931851589383,
            "max": 0.005414088095304,
            "count": 16
        },
        "CubeAgent.Policy.Epsilon.mean": {
            "value": 0.16897984210526315,
            "min": 0.16897984210526315,
            "max": 0.19897043750000004,
            "count": 16
        },
        "CubeAgent.Policy.Epsilon.sum": {
            "value": 3.210617,
            "min": 3.1835270000000007,
            "max": 3.7800810000000005,
            "count": 16
        },
        "CubeAgent.Policy.Beta.mean": {
            "value": 0.0005000000000000001,
            "min": 0.0005,
            "max": 0.0005000000000000002,
            "count": 16
        },
        "CubeAgent.Policy.Beta.sum": {
            "value": 0.009500000000000003,
            "min": 0.008,
            "max": 0.010000000000000004,
            "count": 16
        },
        "CubeAgent.IsTraining.mean": {
            "value": 1.0,
            "min": 1.0,
            "max": 1.0,
            "count": 16
        },
        "CubeAgent.IsTraining.sum": {
            "value": 1.0,
            "min": 1.0,
            "max": 1.0,
            "count": 16
        }
    },
    "metadata": {
        "timer_format_version": "0.1.0",
        "start_time_seconds": "1678183014",
        "python_version": "3.8.13 (default, Mar 28 2022, 06:59:08) [MSC v.1916 64 bit (AMD64)]",
        "command_line_arguments": "D:\\Anaconda\\envs\\ML-2223\\Scripts\\mlagents-learn config/Cube.yaml --run-id=Simple02",
        "mlagents_version": "0.28.0",
        "mlagents_envs_version": "0.28.0",
        "communication_protocol_version": "1.5.0",
        "pytorch_version": "1.7.1+cu110",
        "numpy_version": "1.23.2",
        "end_time_seconds": "1678183918"
    },
    "total": 904.6993646,
    "count": 1,
    "self": 0.020468699999923956,
    "children": {
        "run_training.setup": {
            "total": 0.19678189999999995,
            "count": 1,
            "self": 0.19678189999999995
        },
        "TrainerController.start_learning": {
            "total": 904.482114,
            "count": 1,
            "self": 0.9680589999994709,
            "children": {
                "TrainerController._reset_env": {
                    "total": 12.8076491,
                    "count": 1,
                    "self": 12.8076491
                },
                "TrainerController.advance": {
                    "total": 889.8277367000005,
                    "count": 40494,
                    "self": 0.8532350999914797,
                    "children": {
                        "env_step": {
                            "total": 660.6674042000037,
                            "count": 40494,
                            "self": 552.5009819000076,
                            "children": {
                                "SubprocessEnvManager._take_step": {
                                    "total": 107.30563509999827,
                                    "count": 40494,
                                    "self": 2.396830700001587,
                                    "children": {
                                        "TorchPolicy.evaluate": {
                                            "total": 104.90880439999668,
                                            "count": 32659,
                                            "self": 31.94262649999112,
                                            "children": {
                                                "TorchPolicy.sample_actions": {
                                                    "total": 72.96617790000556,
                                                    "count": 32659,
                                                    "self": 72.96617790000556
                                                }
                                            }
                                        }
                                    }
                                },
                                "workers": {
                                    "total": 0.8607871999979047,
                                    "count": 40493,
                                    "self": 0.0,
                                    "children": {
                                        "worker_root": {
                                            "total": 821.5747787000007,
                                            "count": 40493,
                                            "is_parallel": true,
                                            "self": 381.49536610000507,